"","Position","Posted","Min.Salary.Lbs","Max.Salary.Lbs","Salary.Period","Location","Contract","ad_poster","ad_poster_type","job_Knowledge_Domain"
"1","Data Scientist ",2021-03-11,NA,NA,NA,"London","Permanent, full-time"," Vitality","Direct employer","Information Technology"
"2","Data Scientist ",2021-03-11,37689,47900,"per annum","London","Permanent, full-time","Nursing and Midwifery Council","Charity","Information Technology"
"3","Data Scientist ",2021-02-19,45000,70000,"per annum","London","Permanent, full-time","Harnham","Recruitment consultancy","Information Technology"
"4","Data Scientist ",2021-02-21,50000,60000,"per annum","London","Permanent, full-time","Harnham","Recruitment consultancy","Information Technology"
"5","Data Scientist ",2021-02-20,550,650,"per day","London","Contract, full-time","Harnham","Recruitment consultancy","Information Technology"
"6","Data Scientist ",2021-03-03,550,650,"per day","London","Contract, full-time","Harnham","Recruitment consultancy","Information Technology"
"7","Data Scientist ",2021-03-18,80000,85000,"per annum","London","Permanent, full-time","Harnham","Recruitment consultancy","Information Technology"
"8","Data Scientist ",2021-02-10,60000,80000,"per annum","London","Permanent, full-time","Harnham","Recruitment consultancy","Marketing And Media"
"9","Data Scientist ",2021-03-18,70000,75000,"per annum","London","Permanent, full-time","Harnham","Recruitment consultancy","Information Technology"
"10","Data Scientist ",2021-03-18,60000,65000,"per annum","London","Permanent, full-time","Harnham","Recruitment consultancy","Marketing And Media"
"11","Data Scientist ",2021-03-17,55000,68000,"per annum","London","Permanent, full-time","Harnham","Recruitment consultancy","Marketing And Media"
"12","Data Scientist ",2021-03-15,40000,45000,"per annum","South East England","Permanent, full-time","CPS Group","Recruitment consultancy","Marketing And Media"
"13","Data scientist ",2021-03-08,70000,80000,"per annum","London","Permanent, full-time","Harnham","Recruitment consultancy","Information Technology"
"14","Data Scientist ",2021-03-16,50000,90000,"per annum","London","Permanent, full-time","CPS Group","Recruitment consultancy","Administration"
"15","Data Scientist ",2021-03-16,NA,NA,NA,"Slough","Contract, full-time","Randstad Sourceright","Recruitment consultancy","Information Technology"
"16","Data Scientist ",2021-02-23,25000,55000,"per annum","Southwark","Permanent, full-time","Blue Pelican","Recruitment consultancy","Information Technology"
"17","Data Scientist ",2021-02-22,60000,70000,"per annum","London","Permanent, full-time","TEC PARTNERS LIMITED","Recruitment consultancy","Information Technology"
"18","Data Scientist ",2021-02-24,600,850,"per day","London","Contract, full-time","Data Idols","Recruitment consultancy","Information Technology"
"19","Data Scientist ",2021-03-14,45000,70000,"per annum","London","Permanent, full-time","Harnham","Recruitment consultancy","Information Technology"
"20","Data Scientist ",2021-03-14,45000,70000,"per annum","London","Permanent, full-time","Harnham","Recruitment consultancy","Information Technology"
"21","Data Scientist ",2021-03-16,500,600,"per day","London","Contract, full-time","Harnham","Recruitment consultancy","Marketing And Media"
"22","Data Scientist ",2021-02-20,75000,80000,"per annum","London","Permanent, full-time","Harnham","Recruitment consultancy","Marketing And Media"
"23","Data Scientist ",2021-03-02,60000,65000,"per annum","London","Permanent, full-time","Harnham","Recruitment consultancy","Marketing And Media"
"24","Data Scientist ",2021-03-12,55000,60000,"per annum","Camden","Permanent, full-time","Charles Simon Associates Ltd","Recruitment consultancy","Information Technology"
"25","Data Scientist ",2021-03-03,70000,80000,"per annum","White City","Permanent, full-time","MFK Recruitment","Recruitment consultancy","Information Technology"
"26","Data Scientist ",2021-02-17,75000,80000,"per annum","London","Permanent, full-time","Harnham","Recruitment consultancy","Financial Services"
"27","Data Scientist ",2021-02-21,70000,80000,"per annum","London","Permanent, full-time","Harnham","Recruitment consultancy","Marketing And Media"
"28","Data Scientist ",2021-02-25,55000,80000,"per annum","London","Permanent, full-time","Harnham","Recruitment consultancy","Information Technology"
"29","Data Scientist  ",2021-02-22,50000,65000,"per annum","London","Permanent, full-time","Lynx Recruitment Ltd","Recruitment consultancy","Information Technology"
"30","Data Scientist  ",2021-03-09,50000,82500,"per annum","London","Permanent, full-time","Lynx Recruitment Ltd","Recruitment consultancy","Information Technology"
"31","Data Scientist ",2021-02-18,70000,75000,"per annum","Paddington","Permanent, full-time","Avanti","Recruitment consultancy","Information Technology"
"32","Data Scientist ",2021-02-17,90000,95000,"per annum","London","Permanent, full-time","Harnham","Recruitment consultancy","Information Technology"
"33","Data Scientist ",2021-03-23,40000,50000,"per annum","London","Permanent, full-time","1st Choice Computer Appointments","Recruitment consultancy","Information Technology"
"34","Data Scientist  ",2021-03-10,30000,50000,"per annum","London","Permanent, full-time","Retail Human Resources plc","Recruitment consultancy","Marketing And Media"
"35","Data Scientist ",2021-02-20,65000,70000,"per annum","London","Permanent, full-time","Harnham","Recruitment consultancy","Marketing And Media"
"36","Data Scientist ",2021-03-02,40000,60000,"per annum","London","Permanent, full-time","Harnham","Recruitment consultancy","Marketing And Media"
"37","Data Scientist ",2021-02-26,45000,65000,"per annum","London","Permanent, full-time","Ultimate Banking Ltd","Recruitment consultancy","Information Technology"
"38","Data Scientist ",2021-03-02,40000,50000,"per annum","Slough","Permanent, full-time","Harnham","Recruitment consultancy","Information Technology"
"39","Data Scientist ",2021-02-13,50000,60000,"per annum","Hemel Hempstead","Permanent, full-time","Harnham","Recruitment consultancy","Information Technology"
"40","Data Scientist ",2021-03-03,70000,80000,"per annum","Brentford","Permanent, full-time","MFK Recruitment","Recruitment consultancy","Information Technology"
"41","Data Scientist ",2021-03-04,40000,65000,"per annum","London","Permanent, full-time","Hays Specialist Recruitment Limited","Recruitment consultancy","Information Technology"
"42","Data Scientist ",2021-03-12,30000,40000,"per annum","London","Permanent, full-time","ITECCO","Recruitment consultancy","Information Technology"
"43","Data Scientist ",2021-02-24,45000,60000,"per annum","London","Permanent, full-time","Incite Insight","Recruitment consultancy","Information Technology"
"44","Data Scientist ",2021-03-02,50000,70000,"per annum","London","Permanent, full-time","Jefferson Frank ","Recruitment consultancy","Information Technology"
"45","Data Scientist ",2021-02-10,55000,60000,"per annum","Hemel Hempstead","Permanent, full-time","Harnham","Recruitment consultancy","Marketing And Media"
"46","Data Scientist ",2021-03-19,NA,NA,NA,"London","Contract, full-time","X4 Group","Recruitment consultancy","Information Technology"
"47","Data Scientist ",2021-03-10,NA,NA,NA,"London","Contract, full-time","X4 Group","Recruitment consultancy","Financial Services"
"48","Data Scientist ",2021-02-26,NA,NA,NA,"London","Contract, full-time","X4 Group","Recruitment consultancy","Information Technology"
"49","Data Scientist ",2021-03-08,50000,70000,"per annum","London","Permanent, full-time","X4 Group","Recruitment consultancy","Health And Social"
"50","Data Scientist ",2021-03-18,NA,NA,NA,"London","Contract, full-time","X4 Group","Recruitment consultancy","Information Technology"
"51","Data Scientist ",2021-03-11,NA,NA,NA,"London","Permanent, full-time","X4 Group","Recruitment consultancy","Information Technology"
"52","Data Scientist  ",2021-03-11,NA,NA,NA,"Welwyn Garden City","Permanent, full-time","Paypoint","Direct employer","Information Technology"
"53","Data Scientist ",2021-02-16,35000,55000,"per annum","London","Permanent, full-time","ITECCO","Recruitment consultancy","Information Technology"
"54","Data Scientist ",2021-02-23,55000,80000,"per annum","London","Permanent, full-time","Randstad Business Solutions","Recruitment consultancy","Information Technology"
"55","Data Scientist ",2021-03-09,50000,65000,"per annum","Watford","Permanent, full-time","Addition Solutions","Recruitment consultancy","Marketing And Media"
"56","Data Scientist ",2021-03-04,NA,NA,NA,"South East England","Permanent, full-time","Modis","Recruitment consultancy","Marketing And Media"
"57","Lead Data Scientist ",2021-02-12,85000,95000,"per annum","London","Permanent, full-time","The Jam","Direct employer","Information Technology"
"58","Reseearch Data Scientist ",2021-03-13,40000,65000,"per annum","London","Permanent, full-time","Harnham","Recruitment consultancy","Information Technology"
"59","Reseearch Data Scientist ",2021-03-02,40000,65000,"per annum","London","Permanent, full-time","Harnham","Recruitment consultancy","Information Technology"
"60","Senior Data Scientist ",2021-03-17,70000,90000,"per annum","London","Permanent, full-time","Harnham","Recruitment consultancy","Marketing And Media"
"61","Senior Data Scientist ",2021-02-28,75000,90000,"per annum","London","Permanent, full-time","Harnham","Recruitment consultancy","Marketing And Media"
"62","Research Data Scientist ",2021-03-18,60000,65000,"per annum","London","Permanent, full-time","Harnham","Recruitment consultancy","Marketing And Media"
"63","Senior Data Scientist ",2021-03-03,60000,1e+05,"per annum","London","Permanent, full-time","Search Party Digital Ltd","Recruitment consultancy","Marketing And Media"
"64","Senior Data Scientist ",2021-02-28,60000,95000,"per annum","London","Permanent, full-time","Harnham","Recruitment consultancy","Information Technology"
"65","Principal Data Scientist ",2021-02-17,110000,120000,"per annum","London","Permanent, full-time","Harnham","Recruitment consultancy","Information Technology"
"66","Senior Data Scientist ",2021-03-17,60000,70000,"per annum","London","Permanent, full-time","Harnham","Recruitment consultancy","Information Technology"
"67","Data Scientist Research ",2021-03-05,40000,65000,"per annum","London","Permanent, full-time","Harnham","Recruitment consultancy","Information Technology"
"68","Senior Data Scientist ",2021-03-21,70000,75000,"per annum","London","Permanent, full-time","Harnham","Recruitment consultancy","Information Technology"
"69","Senior Data Scientist ",2021-03-10,65000,85000,"per annum","London","Permanent, full-time","Harnham","Recruitment consultancy","Information Technology"
"70","Senior Data Scientist ",2021-03-17,75000,85000,"per annum","London","Permanent, full-time","Harnham","Recruitment consultancy","Information Technology"
"71","Senior Data Scientist ",2021-03-02,45000,60000,"per annum","London","Permanent, full-time","Harnham","Recruitment consultancy","Information Technology"
"72","Marketing Data Scientist ",2021-02-28,60000,NA,NA,"London","Permanent, full-time","Harnham","Recruitment consultancy","Marketing And Media"
"73","Lead Data Scientist ",2021-02-27,50000,90000,"per annum","London","Permanent, full-time","Harnham","Recruitment consultancy","Information Technology"
"74","Senior Data Scientist ",2021-03-17,60000,80000,"per annum","London","Permanent, full-time","Harnham","Recruitment consultancy","Information Technology"
"75","Senior Data Scientist ",2021-02-18,90000,110000,"per annum","Paddington","Permanent, full-time","Avanti","Recruitment consultancy","Information Technology"
"76","Senior Data Scientist ",2021-02-11,500,600,"per day","London","Contract, full-time","Jefferson Frank ","Recruitment consultancy","Marketing And Media"
"77","Lead Data Scientist ",2021-02-22,70000,80000,"per annum","London","Permanent, full-time","Blue Pelican","Recruitment consultancy","Information Technology"
"78","Senior Data Scientist ",2021-02-14,68000,80000,"per annum","London","Permanent, full-time","Harnham","Recruitment consultancy","Marketing And Media"
"79","Senior Data Scientist ",2021-02-14,68000,80000,"per annum","London","Permanent, full-time","Harnham","Recruitment consultancy","Marketing And Media"
"80","Data Scientist ",2021-03-13,45000,55000,"per annum","Bracknell","Permanent, full-time","Reqiva Ltd","Recruitment consultancy","Information Technology"
"81","Pricing Data Scientist ",2021-03-23,50000,60000,"per annum","London","Permanent, full-time","ADLIB","Recruitment consultancy","Financial Services"
"82","Data Scientist ",2021-03-13,45000,55000,"per annum","Leatherhead","Permanent, full-time","Reqiva Ltd","Recruitment consultancy","Information Technology"
"83","Data Scientist ",2021-03-13,45000,55000,"per annum","Woking","Permanent, full-time","Reqiva Ltd","Recruitment consultancy","Information Technology"
"84","Data Scientist ",2021-03-12,45000,55000,"per annum","Guildford","Permanent, full-time","Reqiva Ltd","Recruitment consultancy","Information Technology"
"85","Junior Data Scientist ",2021-02-23,25000,55000,"per annum","Southwark","Permanent, full-time","Blue Pelican","Recruitment consultancy","Information Technology"
"86","Data Scientist Investment ",2021-03-16,55000,70000,"per annum","London","Permanent, full-time","Harnham","Recruitment consultancy","Marketing And Media"
"87","Principal Data Scientist ",2021-02-18,1e+05,120000,"per annum","London","Permanent, full-time","Harnham","Recruitment consultancy","Information Technology"
"88","Senior Data Scientist ",2021-02-23,60000,80000,"per annum","London","Permanent, full-time","Harnham","Recruitment consultancy","Information Technology"
"89","Senior Data Scientist ",2021-02-14,50000,70000,"per annum","London","Permanent, full-time","Harnham","Recruitment consultancy","Marketing And Media"
"90","Senior Data Scientist ",2021-03-17,70000,85000,"per annum","London","Permanent, full-time","Harnham","Recruitment consultancy","Engineering"
"91","Senior Data Scientist ",2021-03-09,60000,75000,"per annum","London","Permanent, full-time","Data Idols","Recruitment consultancy","Information Technology"
"92","Data Scientist Product ",2021-03-13,50000,90000,"per annum","London","Permanent, full-time","Harnham","Recruitment consultancy","Information Technology"
"93","Senior Data Scientist ",2021-03-17,55000,70000,"per annum","London","Permanent, full-time","Harnham","Recruitment consultancy","Information Technology"
"94","Data Scientist Python ",2021-02-25,65000,80000,"per annum","Paddington","Permanent, full-time","Client Server Ltd.","Recruitment consultancy","Information Technology"
"95","Data Scientist Investment ",2021-03-03,65000,80000,"per annum","London","Permanent, full-time","Harnham","Recruitment consultancy","Marketing And Media"
"96","Senior Data Scientist ",2021-02-11,60000,80000,"per annum","London","Permanent, full-time","Harnham","Recruitment consultancy","Information Technology"
"97","Senior Data Scientist ",2021-02-10,50000,1e+05,"per annum","London","Permanent, full-time","Harnham","Recruitment consultancy","Information Technology"
"98","Data Scientist All Levels ",2021-03-03,50000,120000,"per annum","London","Permanent, full-time","Harnham","Recruitment consultancy","Information Technology"
"99","Data Scientist All Levels ",2021-02-10,40000,120000,"per annum","London","Permanent, full-time","Harnham","Recruitment consultancy","Information Technology"
"100","Senior Data Scientist ",2021-03-02,40000,60000,"per annum","London","Permanent, full-time","Harnham","Recruitment consultancy","Information Technology"
"101","Senior Data Scientist ",2021-03-18,55000,70000,"per annum","London","Permanent, full-time","Harnham","Recruitment consultancy","Information Technology"
"102","Pricing Data Scientist ",2021-03-02,60000,80000,"per annum","London","Permanent, full-time","Harnham","Recruitment consultancy","Marketing And Media"
"103","Pricing Data Scientist ",2021-02-18,60000,80000,"per annum","London","Permanent, full-time","Harnham","Recruitment consultancy","Information Technology"
"104","Data Scientist All Levels ",2021-03-16,60000,120000,"per annum","London","Permanent, full-time","Harnham","Recruitment consultancy","Information Technology"
"105","Principal Data Scientist ",2021-03-02,1e+05,120000,"per annum","London","Permanent, full-time","La Fosse Associates","Recruitment consultancy","Marketing And Media"
"106","Senior Data Scientist ",2021-02-15,75000,80000,"per annum","London","Permanent, full-time","Harnham","Recruitment consultancy","Engineering"
"107","Pricing Data Scientist ",2021-02-18,70000,80000,"per annum","London","Permanent, full-time","Harnham","Recruitment consultancy","Information Technology"
"108","Senior Data Scientist ",2021-02-14,70000,75000,"per annum","London","Permanent, full-time","Harnham","Recruitment consultancy","Information Technology"
"109","Pricing Data Scientist ",2021-02-20,60000,80000,"per annum","London","Permanent, full-time","Harnham","Recruitment consultancy","Marketing And Media"
"110","Senior Data Scientist  ",2021-02-22,65000,85000,"per annum","London","Permanent, full-time","Lynx Recruitment Ltd","Recruitment consultancy","Information Technology"
"111","Pricing Data Scientist ",2021-02-18,60000,80000,"per annum","London","Permanent, full-time","Harnham","Recruitment consultancy","Marketing And Media"
"112","Senior Data Scientist ",2021-03-12,65000,80000,"per annum","London","Permanent, full-time","Harnham","Recruitment consultancy","Marketing And Media"
"113","Senior Data Scientist ",2021-02-22,NA,NA,NA,"London","Contract, full-time","X4 Group","Recruitment consultancy","Information Technology"
"114","Senior Data Scientist ",2021-03-22,60000,85000,"per annum","London","Permanent, full-time","Harnham","Recruitment consultancy","Information Technology"
"115","Senior Data Scientist ",2021-02-13,70000,83000,"per annum","London","Permanent, full-time","Harnham","Recruitment consultancy","Information Technology"
"116","Senior Data Scientist ",2021-02-09,70000,83000,"per annum","London","Permanent, full-time","Harnham","Recruitment consultancy","Information Technology"
"117","Senior Data Scientist ",2021-02-19,60000,70000,"per annum","Southwark","Permanent, full-time","Blue Pelican","Recruitment consultancy","Information Technology"
"118","Senior Data Scientist ",2021-02-22,50000,65000,"per annum","Southwark","Permanent, full-time","Blue Pelican","Recruitment consultancy","Information Technology"
"119","Data Scientist Product ",2021-03-12,50000,90000,"per annum","London","Permanent, full-time","Harnham","Recruitment consultancy","Marketing And Media"
"120","Data Scientist/ Senior Data Scientist ",2021-03-16,50000,90000,"per annum","London","Permanent, full-time","Harnham","Recruitment consultancy","Engineering"
"121","Data Scientist/ Senior Data Scientist ",2021-02-10,50000,110000,"per annum","London","Permanent, full-time","Harnham","Recruitment consultancy","Engineering"
"122","Senior Data Scientist ",2021-02-19,60000,80000,"per annum","London","Permanent, full-time","Sphere Digital Recruitment","Recruitment consultancy","Marketing And Media"
"123","Ecommerce Data Scientist ",2021-02-24,32000,38000,"per annum","London","Permanent, full-time","Beringer Tame","Recruitment consultancy","Information Technology"
"124","Data Scientist - Forecasting ",2021-03-11,500,550,"per day","London","Contract, full-time","Harnham","Recruitment consultancy","Information Technology"
"125","Data Scientist - Forecasting ",2021-03-13,500,550,"per day","London","Contract, full-time","Harnham","Recruitment consultancy","Information Technology"
"126","Data Scientist - Retail ",2021-02-28,60000,75000,"per annum","London","Permanent, full-time","Harnham","Recruitment consultancy","Information Technology"
"127","Data Scientist - Marketplace ",2021-02-28,60000,1e+05,"per annum","London","Permanent, full-time","Harnham","Recruitment consultancy","Information Technology"
"128","Data Scientist - Insurance ",2021-03-16,NA,NA,NA,"London","Permanent, full-time","Search Consultancy","Recruitment consultancy","Marketing And Media"
"129","Data Scientist - Customer Data ",2021-03-04,500,550,"per day","London","Contract, full-time","La Fosse Associates","Recruitment consultancy","Information Technology"
"130","SC Cleared Data Scientist ",2021-02-18,55000,65000,"per annum","London","Permanent, full-time","Jefferson Frank ","Recruitment consultancy","Information Technology"
"131","Data Scientist - Pricing ",2021-02-18,60000,80000,"per annum","London","Permanent, full-time","Harnham","Recruitment consultancy","Financial Services"
"132","Data Scientist - Marketing ",2021-03-09,600,800,"per day","London","Contract, full-time","Data Idols","Recruitment consultancy","Marketing And Media"
"133","Data Scientist - Risk ",2021-02-23,550,650,"per day","London","Contract, full-time","Harnham","Recruitment consultancy","Information Technology"
"134","Data Scientist - Remote ",2021-02-25,400,450,"per day","London","Contract, full-time","Understanding Recruitment","Recruitment consultancy","Information Technology"
"135","Senior Forecasting Data Scientist ",2021-03-10,65000,85000,"per annum","London","Permanent, full-time","Harnham","Recruitment consultancy","Information Technology"
"136","Senior Research Data Scientist ",2021-03-05,50000,60000,"per annum","London","Permanent, full-time","Harnham","Recruitment consultancy","Information Technology"
"137","Senior Data Scientist Forecasting ",2021-03-13,65000,85000,"per annum","London","Permanent, full-time","Harnham","Recruitment consultancy","Information Technology"
"138","Senior Forecasting Data Scientist ",2021-03-20,65000,85000,"per annum","London","Permanent, full-time","Harnham","Recruitment consultancy","Information Technology"
"139","Senior Product Data Scientist ",2021-03-06,50000,90000,"per annum","London","Permanent, full-time","Harnham","Recruitment consultancy","Information Technology"
"140","Senior Product Data Scientist ",2021-03-02,55000,80000,"per annum","London","Permanent, full-time","Harnham","Recruitment consultancy","Information Technology"
"141","Senior Marketplace Data Scientist ",2021-03-05,60000,1e+05,"per annum","London","Permanent, full-time","Harnham","Recruitment consultancy","Information Technology"
"142","Senior Product Data Scientist ",2021-03-12,55000,80000,"per annum","London","Permanent, full-time","Harnham","Recruitment consultancy","Information Technology"
"143","Data Scientist - Defence ",2021-03-22,40000,65000,"per annum","London","Permanent, full-time","Anson McCade Ltd - IT and Finance Recruitment","Recruitment consultancy","Marketing And Media"
"144","Senior Data Scientist ",2021-02-23,60000,80000,"per annum","London","Permanent, full-time","Harnham","Recruitment consultancy","Information Technology"
"145","Data Scientist - Inside IR35 ",2021-02-11,550,NA,NA,"London","Contract, full-time","Harnham","Recruitment consultancy","Information Technology"
"146","Principal Data Scientist ",2021-03-16,NA,NA,NA,"London","Permanent, full-time","eFinancial Careers","Direct employer","Human Resources"
"147","Data Scientist - Inside IR35 ",2021-02-13,550,NA,NA,"London","Contract, full-time","Harnham","Recruitment consultancy","Information Technology"
"148","Data Engineer / Data Scientist - Remote ",2021-03-03,40000,65000,"per annum","London","Permanent, full-time","Shift F5 Limited","Recruitment consultancy","Information Technology"
"149","Data Scientist - Product Analytics ",2021-02-28,550,650,"per day","London","Contract, full-time","Harnham","Recruitment consultancy","Information Technology"
"150","Data Scientist Contract - Forecasting ",2021-03-10,500,550,"per day","Covent Garden","Contract, full-time","Harnham","Recruitment consultancy","Engineering"
"151","Data Scientist - Inside IR35 ",2021-03-16,550,NA,NA,"London","Contract, full-time","Harnham","Recruitment consultancy","Information Technology"
"152","Senior Data Scientist - Marketplace ",2021-02-23,60000,1e+05,"per annum","London","Permanent, full-time","Harnham","Recruitment consultancy","Information Technology"
"153","Senior Data Scientist - Marketing ",2021-02-28,60000,NA,NA,"London","Permanent, full-time","Harnham","Recruitment consultancy","Marketing And Media"
"154","Data Scientist Contract - Product ",2021-03-10,500,600,"per day","Covent Garden","Contract, full-time","Harnham","Recruitment consultancy","Marketing And Media"
"155","Data Scientist Machine Learning ",2021-03-11,60000,65000,"per annum","London","Permanent, full-time","ITECCO","Recruitment consultancy","Information Technology"
"156","Fraud Data Scientist  ",2021-03-17,70000,90000,"per annum","London","Permanent, full-time","Green Park","Recruitment consultancy","Information Technology"
"157","Data Scientist Contract - Experimentation ",2021-03-02,500,600,"per day","Covent Garden","Contract, full-time","Harnham","Recruitment consultancy","Marketing And Media"
"158","Data Scientist Contract - Experimentation ",2021-03-02,500,600,"per day","Covent Garden","Contract, full-time","Harnham","Recruitment consultancy","Marketing And Media"
"159","Senior Data Scientist ",2021-03-23,NA,NA,NA,"London","Permanent, full-time","eFinancial Careers","Direct employer","Financial Services"
"160","Data Scientist - Gaming/ Betting ",2021-02-14,50000,80000,"per annum","London","Permanent, full-time","Harnham","Recruitment consultancy","Marketing And Media"
"161","Data Scientist Contract - Remote/InsideIR35 ",2021-03-07,500,600,"per day","Covent Garden","Contract, full-time","Harnham","Recruitment consultancy","Marketing And Media"
"162","Data Scientist - Healthcare Analytics ",2021-03-10,500,600,"per day","London","Contract, full-time","X4 Group","Recruitment consultancy","Information Technology"
"163","Senior Consultant - Data Scientist ",2021-03-11,40000,60000,"per annum","London","Permanent, full-time","Harnham","Recruitment consultancy","Financial Services"
"164","Senior Consultant - Data Scientist ",2021-03-12,40000,60000,"per annum","London","Permanent, full-time","Harnham","Recruitment consultancy","Financial Services"
"165","Data Scientist - Causal Inference ",2021-03-13,500,600,"per day","Camden","Contract, full-time","Harnham","Recruitment consultancy","Information Technology"
"166","Data Scientist - SAS PAYE ",2021-02-25,450,500,"per day","London","Contract, full-time","iO Associates","Recruitment consultancy","Financial Services"
"167","Data Scientist - Digital Platform ",2021-03-05,55000,65000,"per annum","London","Permanent, full-time","Blue Pelican","Recruitment consultancy","Marketing And Media"
"168","Data Scientist Contract - Simulation ",2021-03-20,500,550,"per day","Covent Garden","Contract, full-time","Harnham","Recruitment consultancy","Logistics And Transport"
"169","Principal Data Scientist  - Supply Chain ",2021-02-27,80000,130000,"per annum","London","Permanent, full-time","Harnham","Recruitment consultancy","Information Technology"
"170","Senior Data Scientist Credit/ Lending ",2021-03-03,60000,75000,"per annum","London","Permanent, full-time","Harnham","Recruitment consultancy","Information Technology"
"171","Data Scientist - Expression of Interest ",2021-03-11,NA,NA,NA,"Enfield Town",NA,"MAXIMUS People Services","Direct employer","Information Technology"
"172","Data Scientist Deep Learning, Python, Statistics ",2021-03-22,70000,80000,"per annum","Camden","Permanent, full-time","Understanding Recruitment","Recruitment consultancy","Information Technology"
"173","Data Scientist Statistical Models, Machine Learning ",2021-03-08,70000,80000,"per annum","Camden","Permanent, full-time","Understanding Recruitment","Recruitment consultancy","Information Technology"
"174","Data Analyst / Scientist / Engineer  ",2021-03-23,60000,70000,"per annum","London","Permanent, full-time","Logical Resources Recruitment Group Ltd","Recruitment consultancy","Information Technology"
"175","Senior Data Scientist - Unicorn Tech ",2021-03-10,70000,80000,"per annum","London","Permanent, full-time","Harnham","Recruitment consultancy","Engineering"
"176","Data Scientist - Midlevel Contract ",2021-03-20,400,500,"per day","London","Contract, full-time","Harnham","Recruitment consultancy","Information Technology"
"177","Data Scientist / SAS Programmer/ Clinical Data Manager           ",2021-03-10,45000,57000,"per annum","South East England","Permanent, full-time","Hudson Shribman","Recruitment consultancy","Information Technology"
"178","Machine Learning Data Scientist (SQL/Python) ",2021-02-23,550,580,"per day","London","Contract, full-time","IT Talent Solutions Ltd","Recruitment consultancy","Information Technology"
"179","Data Scientist / SAS Programmer/ Clinical Data Manager           ",2021-03-10,45000,57000,"per annum","South East England","Contract, full-time","Hudson Shribman","Recruitment consultancy","Information Technology"
"180","Principal Data Scientist - Experian DataLabs ",2021-02-11,NA,NA,NA,"London","Permanent, full-time","Experian Limited","Direct employer","Information Technology"
"181","Bioinformatics Data Scientist - leading biotech ",2021-02-26,45000,65000,"per annum","London","Permanent, full-time","Hays Specialist Recruitment Limited","Recruitment consultancy","Information Technology"
"182","Principal Data Scientist - Experian DataLabs ",2021-02-16,NA,NA,NA,"London","Permanent, full-time","Experian Limited","Direct employer","Information Technology"
"183","Data Scientist Python, Developing Machine Learning Tech ",2021-03-15,70000,80000,"per annum","Camden","Permanent, full-time","Understanding Recruitment","Recruitment consultancy","Information Technology"
"184","Data Scientist - Data Mining, Data Analysis, AWS, A/B Testing ",2021-03-09,500,600,"per day","London","Contract, full-time","Hays Specialist Recruitment Limited","Recruitment consultancy","Marketing And Media"
"185","Analyst/Junior Data Scientist - Insights Consultancy ",2021-02-26,25000,35000,"per annum","London","Permanent, full-time","Resources Group","Recruitment consultancy","Marketing And Media"
"186","Principal Data Scientist - Experian DataLabs ",2021-02-25,NA,NA,NA,"London","Permanent, full-time","Experian Limited","Direct employer","Information Technology"
"187","Data Scientist - Product Analytics ",2021-03-13,500,550,"per day","London","Contract, full-time","Harnham","Recruitment consultancy","Information Technology"
"188","Data Scientist - Python Computer Vision AWS ",2021-03-04,65000,80000,"per annum","Paddington","Permanent, full-time","Client Server Ltd.","Recruitment consultancy","Information Technology"
"189","Lead Data Scientist - Python, TensorFlow, Keras, Numpy ",2021-02-19,60000,90000,"per annum","London","Permanent, full-time","Shift F5 Limited","Recruitment consultancy","Information Technology"
"190","Senior Data Scientist - Time Series/ Forecasting Experience ",2021-03-17,70000,85000,"per annum","London","Permanent, full-time or part-time","Harnham","Recruitment consultancy","Information Technology"
"191","Data Scientist - Hedge Fund ",2021-03-16,NA,NA,NA,"London","Permanent, full-time","eFinancial Careers","Direct employer","Information Technology"
"192","Data Scientist  E-Commerce  Python  Spark   50-60k ",2021-03-03,50000,60000,"per annum","London","Permanent, full-time","Method Resourcing","Direct employer","Marketing And Media"
"193","Data Scientist - Attribution - up to £65k ",2021-02-09,50000,65000,"per annum","London","Permanent, full-time","Sphere Digital Recruitment","Recruitment consultancy","Marketing And Media"
"194","Data Scientist - London/Home-based - £70k - £80k ",2021-02-26,60000,80000,"per annum","London","Permanent, full-time","Sphere Digital Recruitment","Recruitment consultancy","Marketing And Media"
"195","Bioinformatics / Real World Data Scientist ",2021-02-26,55000,85000,"per annum","London","Permanent, full-time","Hays Specialist Recruitment Limited","Recruitment consultancy","Information Technology"
"196","Data Scientist - Digital Pure Play Business - Market Leader ",2021-02-22,55000,65000,"per annum","London","Permanent, full-time","Blue Pelican","Recruitment consultancy","Marketing And Media"
"197","Mandarin Speaking Data Scientist / Algorithm Engineer ",2021-02-17,50000,70000,"per annum","London","Permanent, full-time","ABL Recruitment","Recruitment consultancy","Engineering"
"198","Data Scientist - London- Quant Hedge Fund ",2021-03-16,NA,NA,NA,"London","Permanent, full-time","eFinancial Careers","Direct employer","Marketing And Media"
"199","Data Scientist  - Postgres / Python / Maths or Stats / Machine Learning 35k ",2021-03-01,25000,37000,"per annum","London","Permanent, full-time","Tribus Consulting Ltd","Recruitment consultancy","Information Technology"
"200","Customer Analytics Data Scientist Senior Associate ",2021-03-22,NA,NA,NA,"London","Permanent, full-time","The Guardian","Direct employer","Marketing And Media"
"201","Data Scientist  - BI / Python / Maths or Stats / Machine Learning 35-50k  ",2021-02-13,25000,37000,"per annum","London","Permanent, full-time","Tribus Consulting Ltd","Recruitment consultancy","Information Technology"
"202","Data Scientist, Data Analyst, Python ",2021-02-19,NA,NA,NA,"London","Permanent, full-time","Corriculo Ltd","Recruitment consultancy","Information Technology"
"203","Data Scientist/Analyst (Consumer Surveys)  ",2021-03-02,25000,32500,"per annum","London","Permanent, full-time","Resources Group","Recruitment consultancy","Marketing And Media"
"204","Senior Data Scientist, Excel, VBA, SQL Server ",2021-03-18,55000,70000,"per annum","London","Permanent, full-time","Corriculo Ltd","Recruitment consultancy","Information Technology"
"205","Quant Analyst / Data Scientist - London- Hedge Fund ",2021-03-16,NA,NA,NA,"London","Permanent, full-time","eFinancial Careers","Direct employer","Information Technology"
"206","Senior Data Scientist - GTI Applied AI - London ",2021-03-16,NA,NA,NA,"London","Permanent, full-time","eFinancial Careers","Direct employer","Information Technology"
"207","Lead Developer, Python, Data Scientist, AI, CNN, Computer Vision ",2021-02-25,65000,75000,"per annum","Twickenham","Permanent, full-time","Corriculo Ltd","Recruitment consultancy","Information Technology"
"208","Quantamental Researcher /Data Scientist ",2021-03-17,NA,NA,NA,"London","Permanent, full-time","eFinancial Careers","Direct employer","Engineering"
"209","Data Scientist/ Machine Learning Engineer ",2021-02-23,90000,120000,"per annum","Southwark","Permanent, full-time","Vobis Group Limited","Recruitment consultancy","Information Technology"
"210","Senior Data Science Engineer ",2021-02-23,65000,85000,"per annum","London","Permanent, full-time","Harnham","Recruitment consultancy","Information Technology"
"211","Data Science Lead (Pricing) ",2021-03-10,80000,95000,"per annum","London","Permanent, full-time","Eden James Consulting Ltd","Recruitment consultancy","Financial Services"
"212","Lead Data Science Consultant ",2021-02-16,90000,120000,"per annum","London","Permanent, full-time","Harnham","Recruitment consultancy","Education"
"213","Lead Data Science Consultant & Data Science Teacher ",2021-03-18,90000,120000,"per annum","London","Permanent, full-time","Harnham","Recruitment consultancy","Education"
"214","Data Science Manager - CRM/Customer Data ",2021-02-09,80000,90000,"per annum","London","Permanent, full-time","Sphere Digital Recruitment","Recruitment consultancy","Marketing And Media"
"215","Senior Data Engineer ",2021-03-16,75000,85000,"per annum","London","Permanent, full-time","Technet IT Recruitment Limited","Recruitment consultancy","Information Technology"
"216","Machine Learning Engineer - Time Series ",2021-03-13,500,550,"per day","London","Contract, full-time","Harnham","Recruitment consultancy","Information Technology"
"217","Lead Data Science Consultant / Trainer ",2021-03-17,110000,120000,"per annum","London","Permanent, full-time","Harnham","Recruitment consultancy","Education"
"218","Lead Machine Learning Engineer Cloud, Python ",2021-03-15,80000,90000,"per annum","Camden","Permanent, full-time","Understanding Recruitment","Recruitment consultancy","Information Technology"
"219","Principal Machine Learning Engineer Cloud, Ops, AI ",2021-03-22,90000,1e+05,"per annum","Camden","Permanent, full-time","Understanding Recruitment","Recruitment consultancy","Information Technology"
"220","18/03/21OH ",2021-03-19,500,637,"per day","London","Contract, full-time","Jefferson Frank ","Recruitment consultancy","Marketing And Media"
"221","Head of Data ",2021-03-01,75000,80000,"per annum","London","Permanent, full-time","Harnham","Recruitment consultancy","Information Technology"
"222","Data Science Manager  ",2021-02-26,NA,NA,NA,"London",NA,"Entain","Direct employer","Marketing And Media"
"223","Data Scientist- Causality-Focused Fintech ",2021-03-16,NA,NA,NA,"London","Permanent, full-time","eFinancial Careers","Direct employer","Marketing And Media"
"224","DataOps and Engineering Director ",2021-03-19,NA,NA,NA,"London",NA," Landsec","Direct employer","Information Technology"
"225","Finance Data Analyst ",2021-03-12,24000,NA,NA,"Slough","Permanent, full-time","Multiverse","Direct employer","Information Technology"
"226","Product Manager - Data Science Routing ",2021-02-23,80000,90000,"per annum","London","Permanent, full-time","Harnham","Recruitment consultancy","Information Technology"
"227","Senior Manager, Data Science ",2021-02-15,65000,70000,"per annum","London","Permanent, full-time","Blue Pelican","Recruitment consultancy","Marketing And Media"
"228","Data Coach ",2021-02-25,NA,NA,NA,"London","Permanent, full-time","Multiverse","Direct employer","Education"
"229","Product Manager Data Science ",2021-02-23,60000,90000,"per annum","London","Permanent, full-time","Harnham","Recruitment consultancy","Information Technology"
"230","Data Science Product Manager ",2021-03-12,60000,90000,"per annum","London","Permanent, full-time","Harnham","Recruitment consultancy","Information Technology"
"231","Data Science Product Manager ",2021-02-27,60000,90000,"per annum","London","Permanent, full-time","Harnham","Recruitment consultancy","Information Technology"
"232","Data Engineer ",2021-03-12,NA,NA,NA,"London",NA,"London Stock Exchange Group","Direct employer","Information Technology"
"233","Senior Data Scientist, Optimisation Lead - Athena Applied Intelligence - London ",2021-03-16,NA,NA,NA,"London","Permanent, full-time","eFinancial Careers","Direct employer","Information Technology"
"234","Senior Scientist / Team Lead - Bioconjugation ",2021-02-17,NA,NA,NA,"London","Permanent, full-time","Hyper Recruitment Solutions Ltd","Recruitment consultancy","Health And Social"
"235","Associate Data Coach ",2021-02-25,NA,NA,NA,"London","Permanent, full-time","Multiverse","Direct employer","Education"
"236","Senior Research Scientist - Clinical Trials  CRO ",2021-03-08,37000,47000,"per annum","London","Permanent, full-time","Compass Associates Ltd","Recruitment consultancy","Health And Social"
"237","R&D Scientist ",2021-03-02,NA,NA,NA,"London","Permanent, full-time","Cranleigh Scientific","Recruitment consultancy","Engineering"
"238","Head of Data ",2021-03-12,60000,80000,"per annum","London","Permanent, full-time","Harnham","Recruitment consultancy","Information Technology"
"239","Software Engineer Fullstack, JavaScript ",2021-03-21,60000,70000,"per annum","Camden","Permanent, full-time","Understanding Recruitment","Recruitment consultancy","Information Technology"
"240","Software Engineer AI, NLP ",2021-03-21,70000,80000,"per annum","Camden","Permanent, full-time","Understanding Recruitment","Recruitment consultancy","Information Technology"
"241","Senior Scientist ",2021-03-17,45000,55000,"per annum","London","Permanent, full-time","Bond Recruitment","Recruitment consultancy","Information Technology"
"242","Quality Control Scientist ",2021-02-19,NA,NA,NA,"Wimbledon",NA,"Nelsons","Direct employer","Engineering"
"243","Industrialisation Scientist Automation ",2021-03-16,NA,NA,NA,"London","Permanent, full-time","Hyper Recruitment Solutions Ltd","Recruitment consultancy","Health And Social"
"244","Clinical Safety Scientist ",2021-03-19,NA,NA,NA,"Brentford","Contract, full-time","CK GROUP","Recruitment consultancy","Health And Social"
"245","Research Scientist - Computer Vision PhD R&D ",2021-02-25,50000,75000,"per annum","London","Permanent, full-time","Client Server Ltd.","Recruitment consultancy","Engineering"
"246","Data Engineer ",2021-03-15,65000,75000,"per annum","London","Permanent, full-time","Data Idols","Recruitment consultancy","Information Technology"
"247","Product Manager AI, Robotics ",2021-03-19,55000,65000,"per annum","Hertfordshire","Permanent, full-time","Understanding Recruitment","Recruitment consultancy","Information Technology"
"248","Data Scientis ",2021-03-16,NA,NA,NA,"London","Contract, full-time","X4 Group","Recruitment consultancy","Engineering"
"249","Customer Analytics Manager Remote ",2021-02-22,45000,50000,"per annum","London","Permanent, full-time","Amber Resourcing","Direct employer","Information Technology"
"250","Senior Scientist ",2021-02-24,NA,NA,NA,"London","Permanent, full-time","DG Partnership Ltd","Recruitment consultancy","Health And Social"
"251","Data Analyst  ",2021-03-15,NA,NA,NA,"London","Permanent, full-time","Ultimate Banking Ltd","Recruitment consultancy","Information Technology"
"252","Head of Machine Learning ",2021-02-21,95000,1e+05,"per annum","London","Permanent, full-time","Harnham","Recruitment consultancy","Information Technology"
"253","Data Engineer ",2021-02-27,500,600,"per day","London","Contract, full-time","Harnham","Recruitment consultancy","Information Technology"
"254","Data Science Consultant ",2021-03-17,65000,70000,"per annum","London","Permanent, full-time","Harnham","Recruitment consultancy","Marketing And Media"
"255","Data Science Consultant ",2021-02-20,75000,80000,"per annum","London","Permanent, full-time","Harnham","Recruitment consultancy","Marketing And Media"
"256","Software Engineer AWS, AI ",2021-03-21,75000,85000,"per annum","Camden","Permanent, full-time","Understanding Recruitment","Recruitment consultancy","Information Technology"
"257","Senior Scientist ",2021-02-16,38084,NA,NA,"London","Contract, full-time","SRG Lunar","Direct employer","Health And Social"
"258","In Vitro Research Scientist Drug Discovery ",2021-03-10,NA,NA,NA,"Hatfield","Contract, full-time","CK GROUP","Recruitment consultancy","Health And Social"
"259","Head of Machine Learning ",2021-03-01,90000,1e+05,"per annum","London","Permanent, full-time","Harnham","Recruitment consultancy","Information Technology"
"260","Development Scientist ",2021-03-17,NA,NA,NA,"Weybridge","Contract, full-time","CK GROUP","Recruitment consultancy","Information Technology"
"261","Quantitative Researcher ",2021-03-13,90000,140000,"per annum","London","Permanent, full-time","Amber Resourcing","Direct employer","Information Technology"
"262","Lead Data Science Consultant ",2021-03-01,85000,1e+05,"per annum","London","Permanent, full-time","Harnham","Recruitment consultancy","Education"
"263","Lead Machine Learning Trainer ",2021-03-12,85000,1e+05,"per annum","London","Permanent, full-time","Harnham","Recruitment consultancy","Education"
"264","Data Engineer ",2021-02-19,NA,NA,NA,"London","Permanent, full-time","TEC PARTNERS LIMITED","Recruitment consultancy","Information Technology"
"265","Machine Learning Researcher Remote ",2021-03-03,70000,90000,"per annum","London","Permanent, full-time","Amber Resourcing","Direct employer","Information Technology"
"266","Head of Decision Science ",2021-03-17,115000,120000,"per annum","London","Permanent, full-time","Harnham","Recruitment consultancy","Information Technology"
"267","Interim Senior Data Engineer ",2021-03-10,500,550,"per day","London","Contract, full-time","Finatal","Recruitment consultancy","Information Technology"
"268","Infectious Disease Modeller ",2021-03-01,350,400,"per day","London","Contract, full-time","Circle Recruitment","Recruitment consultancy","Information Technology"
"269","Python Software Engineer - 6 Month Contract ",2021-02-18,459,625,"per day","London","Contract, full-time","Circle Recruitment","Recruitment consultancy","Information Technology"
"270","Python Software Engineer - 6 Month Contract ",2021-02-19,459,625,"per day","London","Contract, full-time","Circle Recruitment","Recruitment consultancy","Information Technology"
"271","Data Science Manager - Betting ",2021-03-17,60000,90000,"per annum","London","Permanent, full-time","Harnham","Recruitment consultancy","Information Technology"
"272","Lead Machine Learning Teacher ",2021-03-17,85000,1e+05,"per annum","London","Permanent, full-time","Harnham","Recruitment consultancy","Education"
"273","Lead Machine Learning Consultant ",2021-03-05,85000,1e+05,"per annum","London","Permanent, full-time","Harnham","Recruitment consultancy","Education"
"274","Senior Analytics Consultant ",2021-03-08,50000,60000,"per annum","London","Permanent, full-time","Harnham","Recruitment consultancy","Information Technology"
"275","Customer Data Analyst ",2021-03-08,35000,45000,"per annum","London","Permanent, full-time","Zachary Daniels","Recruitment consultancy","Information Technology"
"276","Marketing Scientist ",2021-03-18,29000,34000,"per annum","London","Permanent, full-time","Hasson Associates Recruitment Ltd","Recruitment consultancy","Marketing And Media"
"277","Computer Vision Research Scientist ",2021-02-22,45000,85000,"per annum","London","Permanent, full-time","Modis","Recruitment consultancy","Marketing And Media"
"278","Data Science Senior Manager ",2021-03-09,60000,70000,"per annum","London","Permanent, full-time","Aspire","Recruitment consultancy","Marketing And Media"
"279","Machine Learning Engineer ",2021-02-19,450,500,"per day","London","Contract, full-time","Circle Recruitment","Recruitment consultancy","Information Technology"
"280","Data Analyst ",2021-03-19,23500,NA,NA,"Camden","Permanent, full-time","Multiverse","Direct employer","Information Technology"
"281","Interim Senior Data Engineer ",2021-02-18,500,550,"per day","London","Contract, full-time","Finatal","Recruitment consultancy","Information Technology"
"282","Senior Product Analyst ",2021-02-18,60000,80000,"per annum","London","Permanent, full-time","Harnham","Recruitment consultancy","Information Technology"
"283","Biomedical Scientist - Microbiology ",2021-02-17,18,21,"per hour","Harrow","Temporary, full-time","Ritz Recruitment Ltd","Recruitment consultancy","Health And Social"
"284","Data Science Manager ",2021-03-07,60000,90000,"per annum","London","Permanent, full-time","Harnham","Recruitment consultancy","Information Technology"
"285","Bank Data Analyst ",2021-03-23,26000,NA,NA,"Canary Wharf","Permanent, full-time","Multiverse","Direct employer","Information Technology"
"286","Bank Resource Management Apprentice ",2021-03-23,26000,NA,NA,"Canary Wharf","Permanent, full-time","Multiverse","Direct employer","Information Technology"
"287","BI Developer/ Analyst  ",2021-03-10,50000,70000,"per annum","London","Permanent, full-time","N-tier Selection Ltd","Recruitment consultancy","Information Technology"
"288","Data Scientist- Systematic Quant Fund ",2021-03-16,NA,NA,NA,"London","Permanent, full-time","eFinancial Careers","Direct employer","Information Technology"
"289","Assay Development Scientist ",2021-02-15,NA,NA,NA,"Stevenage","Permanent, full-time","Kelly Services","Direct employer","Information Technology"
"290","Scientist - Cell Biology ",2021-02-24,37000,50000,"per annum","London","Permanent, full-time","ADLIB","Recruitment consultancy","Engineering"
"291","Marketing Analyst ",2021-02-17,350,400,"per day","London","Contract, full-time","Harnham","Recruitment consultancy","Information Technology"
"292","Chemist / Analytical Chemist/ Materials Scientist (contract)         ",2021-02-10,28000,29000,"per annum","South East England","Contract, full-time","Hudson Shribman","Recruitment consultancy","Engineering"
"293","Marketing Analyst ",2021-03-18,450,550,"per day","London","Contract, full-time","Harnham","Recruitment consultancy","Marketing And Media"
"294","Data Engineer ",2021-03-09,35000,45000,"per annum","London","Permanent, full-time","Aspire","Recruitment consultancy","Information Technology"
"295","Full Stack Developer Apprentice ",2021-03-23,26000,NA,NA,"Canary Wharf","Permanent, full-time","Multiverse","Direct employer","Information Technology"
"296","Senior Analyst ",2021-03-08,400,500,"per day","London","Contract, full-time","Harnham","Recruitment consultancy","Marketing And Media"
"297","Brokerage Data Analyst ",2021-03-23,26000,NA,NA,"Canary Wharf","Permanent, full-time","Multiverse","Direct employer","Marketing And Media"
"298","Equity Research Associate Client Analytics ",2021-03-23,26000,NA,NA,"Canary Wharf","Permanent, full-time","Multiverse","Direct employer","Information Technology"
"299","Data Analyst Apprentice ",2021-03-12,22000,NA,NA,"Camden","Permanent, full-time","Multiverse","Direct employer","Information Technology"
"300","Client Brokerage Data Analyst ",2021-03-23,26000,NA,NA,"Canary Wharf","Permanent, full-time","Multiverse","Direct employer","Engineering"
"301","Research Scientist - Biotransformation  ",2021-03-03,30000,38000,"per annum","South East England","Permanent, full-time","VRS Recruitment","Recruitment consultancy","Health And Social"
"302","DevOps Engineer - ML ",2021-03-06,600,650,"per day","London","Contract, full-time","Harnham","Recruitment consultancy","Information Technology"
"303","Trading Data Analyst ",2021-03-23,26000,NA,NA,"Canary Wharf","Permanent, full-time","Multiverse","Direct employer","Financial Services"
"304","Chemist /Materials Scientist   ",2021-03-17,39000,45000,"per annum","South East England","Contract, full-time","Hudson Shribman","Recruitment consultancy","Engineering"
"305","Research Scientist - Fermentation ",2021-02-16,28000,39000,"per annum","South East England","Contract, full-time","VRS Recruitment","Recruitment consultancy","Engineering"
"306","Senior PV Scientist - Contract - Outside IR35 ",2021-02-25,NA,NA,NA,"Welwyn","Contract, full-time","CK GROUP","Recruitment consultancy","Health And Social"
"307","Python Quant Developer ",2021-03-19,70000,95000,"per annum","London","Permanent, full-time","Hays Specialist Recruitment Limited","Recruitment consultancy","Information Technology"
"308","MLOps Engineer ",2021-03-13,600,650,"per day","London","Contract, full-time","Harnham","Recruitment consultancy","Information Technology"
"309","Bioinformatics Lead - Drug Discovery ",2021-02-26,55000,80000,"per annum","London","Permanent, full-time","Hays Specialist Recruitment Limited","Recruitment consultancy","Information Technology"
"310","Sensory Scientist ",2021-02-19,30000,36000,"per annum","Beaconsfield","Permanent, full-time","i2i Recruitment Consultancy","Recruitment consultancy","Hospitality And Catering"
"311","Data Engineer - Data Science ",2021-03-01,35000,50000,"per annum","London","Permanent, full-time","Wilmington Plc","Direct employer","Information Technology"
"312","Campaign Marketing Manager ",2021-03-17,50000,55000,"per annum","Islington","Permanent, full-time","Post Recruitment Ltd","Recruitment consultancy","Marketing And Media"
"313","Quant Analyst / Data Scientist- Leading Trading Firm ",2021-03-16,NA,NA,NA,"London","Permanent, full-time","eFinancial Careers","Direct employer","Information Technology"
"314","Data Analyst/Scientist Investment Team - Alternative data - Asset Manager - London ",2021-03-16,NA,NA,NA,"London","Permanent, full-time","eFinancial Careers","Direct employer","Information Technology"
"315","Senior Data Engineer ",2021-02-15,80000,1e+05,"per annum","London","Permanent, full-time","Birch & James Associates Limited","Recruitment consultancy","Information Technology"
"316","Machine Learning Engineer NLP - Contract ",2021-03-20,600,650,"per day","Covent Garden","Contract, full-time","Harnham","Recruitment consultancy","Information Technology"
"317","Lead Data Science Consultant ",2021-02-17,90000,120000,"per annum","London","Permanent, full-time","Harnham","Recruitment consultancy","Education"
"318","Data Engineer - ML Analytics ",2021-03-22,65000,70000,"per annum","London","Permanent, full-time","Understanding Recruitment","Recruitment consultancy","Information Technology"
"319","Lead Python Data Engineer - Global Investment Manager, London/Remote ",2021-03-02,70000,90000,"per annum","London","Permanent, full-time","CoTalent Group TTD","Recruitment consultancy","Information Technology"
"320","Head of Analytics and Insights ",2021-03-05,95000,105000,"per annum","London","Permanent, full-time","Harnham","Recruitment consultancy","Information Technology"
"321","Senior Data Engineer ",2021-03-14,75000,80000,"per annum","London","Permanent, full-time","Harnham","Recruitment consultancy","Information Technology"
"322","Senior Data Engineer ",2021-03-23,80000,105000,"per annum","London","Permanent, full-time","Ringstone Recruitment","Recruitment consultancy","Information Technology"
"323","Software Engineer - OUTSIDE IR35 ",2021-02-13,400,500,"per day","London","Contract, full-time","Harnham","Recruitment consultancy","Information Technology"
"324","Data Science Manager ",2021-03-23,NA,NA,NA,"London","Permanent, full-time","Goodman Masson","Recruitment consultancy","Information Technology"
"325","Marketing Analyst ",2021-03-05,40000,NA,NA,"London","Permanent, full-time","Harvey Nash","Recruitment consultancy","Marketing And Media"
"326","Senior Product Manager - Data & Analytics ",2021-03-12,NA,NA,NA,"London","Permanent, full-time","Paysafe Group","Direct employer","Information Technology"
"327","Senior Software DevOps Engineer - Investment Banking Data Analytics Group ",2021-03-16,NA,NA,NA,"London","Permanent, full-time","eFinancial Careers","Direct employer","Information Technology"
"328","Machine Learning Ops Engineer ",2021-02-19,NA,NA,NA,"Wembley Central","Permanent, full-time","Reed Specialist Recruitment","Recruitment consultancy","Information Technology"
"329","Senior Data Engineer - London - Up To £100K - 100% Fully Remote  ",2021-02-10,80000,1e+05,"per annum","London","Permanent, full-time","FAIRMONT RECRUITMENT LIMITED ","Recruitment consultancy","Information Technology"
"330","Data Engineer ",2021-03-09,55000,NA,NA,"London","Permanent, full-time","Harnham","Recruitment consultancy","Information Technology"
"331","Senior Data Engineer ",2021-02-18,50000,85000,"per annum","London","Permanent, full-time","ADLIB","Recruitment consultancy","Information Technology"
"332","Data Engineer ",2021-03-15,60000,70000,"per annum","London","Permanent, full-time","Harnham","Recruitment consultancy","Engineering"
"333","Azure Data Engineer ",2021-03-10,60000,70000,"per annum","London","Permanent, full-time","Harnham","Recruitment consultancy","Engineering"
"334","Data Engineer ",2021-03-20,60000,70000,"per annum","London","Permanent, full-time","Harnham","Recruitment consultancy","Engineering"
"335","Front End  Leadership Role  £110,000 ",2021-02-25,90000,110000,"per annum","London","Permanent, full-time","Jefferson Frank ","Recruitment consultancy","Information Technology"
"336","Snr Product Manager -  Data Stacks, A/B testing ",2021-03-17,85000,NA,NA,"London","Permanent, full-time","Additional Resources Ltd","Recruitment consultancy","Information Technology"
"337","Senior C# Developer ",2021-02-12,60000,80000,"per annum","London","Permanent, full-time","Trilogy Partners Limited","Recruitment consultancy","Information Technology"
"338","Data Engineer ",2021-02-10,625,650,"per day","London","Contract, full-time","Eames Consulting Group","Recruitment consultancy","Information Technology"
"339","Senior Data Engineer ",2021-02-10,70000,80000,"per annum","London","Permanent, full-time","Data Idols","Recruitment consultancy","Information Technology"
"340","NLP Engineer - 30 million funding - Remote ",2021-03-02,NA,NA,NA,"London","Permanent, full-time","Propel London","Recruitment consultancy","Information Technology"
"341","Contract Technology Recruiter - Data ",2021-03-19,20000,30000,"per annum","London","Permanent, full-time","Gattaca","Recruitment consultancy","Human Resources"
"342","Azure Data Engineer ",2021-03-13,60000,70000,"per annum","London","Permanent, full-time","Harnham","Recruitment consultancy","Engineering"
"343","Junior Full-Stack Developer ",2021-03-10,30000,35000,"per annum","London","Permanent, full-time","Give A Grad A Go Ltd","Recruitment consultancy","Information Technology"
"344","Lead Data Engineer ",2021-02-19,70000,85000,"per annum","London","Permanent, full-time","Harnham","Recruitment consultancy","Information Technology"
"345","Data Engineer ",2021-02-10,500,550,"per day","London","Contract, full-time","Spring Technology","Recruitment consultancy","Information Technology"
"346","Data Engineer ",2021-03-09,65000,75000,"per annum","London","Permanent, full-time","Morgan McKinley","Recruitment consultancy","Information Technology"
"347","Senior Data Engineer  Market Intelligence  Global Leader  ",2021-02-17,65000,75000,"per annum","Canary Wharf","Permanent, full-time","Method Resourcing","Direct employer","Information Technology"
"348","Data Engineer - London - £60,000 DOE ",2021-03-05,55000,60000,"per annum","London","Permanent, full-time","Proxime Search","Recruitment consultancy","Information Technology"
"349","Senior CRM Analyst ",2021-03-12,35000,45000,"per annum","London","Permanent, full-time","Harnham","Recruitment consultancy","Marketing And Media"
"350","Senior Data Science Consultant ",2021-02-27,60000,90000,"per annum","London","Permanent, full-time","Harnham","Recruitment consultancy","Information Technology"
"351","Data Science Consultant ",2021-02-23,60000,90000,"per annum","London","Permanent, full-time","Harnham","Recruitment consultancy","Information Technology"
"352","Senior Data Engineer ",2021-02-22,50000,80000,"per annum","London","Permanent, full-time","Data Idols","Recruitment consultancy","Information Technology"
"353","Azure Data Engineer ",2021-03-23,60000,75000,"per annum","London","Permanent, full-time","Tria Recruitment ","Recruitment consultancy","Information Technology"
"354","Insights Consultant ",2021-02-09,35000,45000,"per annum","London","Permanent, full-time","Harnham","Recruitment consultancy","Information Technology"
"355","Senior DevOps Engineer ",2021-02-09,75000,85000,"per annum","London","Permanent, full-time","Hays Specialist Recruitment Limited","Recruitment consultancy","Information Technology"
"356","Head of Data Science ",2021-03-19,80000,1e+05,"per annum","London","Permanent, full-time","Shift F5 Limited","Recruitment consultancy","Information Technology"
"357","AWS Developer, 6 month contract, Fully remote, market rates ",2021-02-14,400,650,"per day","London","Contract, full-time","Riley Recruitment ","Recruitment consultancy","Information Technology"
"358","Contract Technology Recruiter - Data ",2021-02-24,20000,30000,"per annum","London","Permanent, full-time","Gattaca","Recruitment consultancy","Sales"
"359","Data Engineer ",2021-02-18,50000,70000,"per annum","London","Permanent, full-time","Harnham","Recruitment consultancy","Information Technology"
"360","Digital Implementation Specialist ",2021-02-18,40000,50000,"per annum","London","Permanent, full-time","Harnham","Recruitment consultancy","Information Technology"
"361","Senior Data Consultant ",2021-03-08,50000,60000,"per annum","London","Permanent, full-time","Harnham","Recruitment consultancy","Information Technology"
"362","Corporate Development Manager - Fintech ",2021-03-18,70000,90000,"per annum","London","Permanent, full-time","Handle Recruitment","Recruitment consultancy","Financial Services"
"363","Epidemiology Analyst ",2021-03-05,500,600,"per day","London","Contract, full-time","REED Talent Solutions","Direct employer","Information Technology"
"364","Quant Trader ",2021-02-12,70000,120000,"per annum","London","Permanent, full-time","N P Associates","Recruitment consultancy","Engineering"
"365","Senior Analytics Manager ",2021-03-04,75000,85000,"per annum","London","Permanent, full-time","X4 Group","Recruitment consultancy","Marketing And Media"
"366","Platform Engineer  DevOps Engineer  GCP ",2021-02-25,55000,80000,"per annum","London","Permanent, full-time","Jefferson Frank ","Recruitment consultancy","Information Technology"
"367","Data Engineer - AWS, Agile, Tooling Methods, Oil & Gas ",2021-03-09,500,600,"per day","London","Contract, full-time","Hays Specialist Recruitment Limited","Recruitment consultancy","Information Technology"
"368","Software Developer ",2021-02-24,80000,160000,"per annum","London","Permanent, full-time","McGregor Boyall","Direct employer","Information Technology"
"369","Product Manager Data Science ",2021-03-17,65000,75000,"per annum","London","Permanent, full-time","Harnham","Recruitment consultancy","Marketing And Media"
"370","Head of Data ",2021-02-27,80000,90000,"per annum","London","Permanent, full-time","Harnham","Recruitment consultancy","Information Technology"
"371","Lead Data Engineer ",2021-02-22,NA,NA,NA,"London","Contract, full-time","Steria Recruitment","Recruitment consultancy","Information Technology"
"372","Linux Infrastructure Engineer / DevOps - WfH ",2021-03-10,60000,75000,"per annum","Camden","Permanent, full-time","Client Server Ltd.","Recruitment consultancy","Information Technology"
"373","DevOps Engineer ",2021-02-25,80000,85000,"per annum","London","Permanent, full-time","Prism Digital","Recruitment consultancy","Information Technology"
"374","Data Engineer ",2021-03-09,50000,60000,"per annum","Watford","Permanent, full-time","Addition Solutions","Recruitment consultancy","Information Technology"
"375","UI / UX Designer - Fully Remote ",2021-03-04,60000,65000,"per annum","London","Permanent, full-time","Carrington Recruitment Solutions Ltd","Recruitment consultancy","Marketing And Media"
"376","Linux DevOps Engineer Kubernetes ",2021-03-01,60000,75000,"per annum","Camden","Permanent, full-time","Client Server Ltd.","Recruitment consultancy","Information Technology"
"377","Mobile UI / UX Designer - Fully Remote ",2021-03-17,55000,65000,"per annum","London","Permanent, full-time","Carrington Recruitment Solutions Ltd","Recruitment consultancy","Marketing And Media"
"378","Python Developer ",2021-03-13,50000,75000,"per annum","London","Permanent, full-time","Harnham","Recruitment consultancy","Information Technology"
"379","Head of Machine Learning ",2021-02-22,80000,110000,"per annum","London","Permanent, full-time","Harnham","Recruitment consultancy","Information Technology"
"380","JavaScript Developer Electron React ",2021-03-17,75000,85000,"per annum","London","Permanent, full-time","Client Server Ltd.","Recruitment consultancy","Information Technology"
"381","Data Engineer: London & Home based: 70,000 - 75,000  package ",2021-03-10,70000,75000,"per annum","London","Permanent, full-time","Broster Buchanan Ltd","Recruitment consultancy","Information Technology"
"382","Senior Data Analyst / Strategist ",2021-03-08,50000,1e+05,"per annum","London","Permanent, full-time","Search Party Digital Ltd","Recruitment consultancy","Marketing And Media"
"383","Lead Data Engineer ",2021-02-11,75000,90000,"per annum","London","Permanent, full-time","Wade Macdonald","Recruitment consultancy","Information Technology"
"384","Front End Developer JavaScript - Remote Working ",2021-03-03,75000,85000,"per annum","London","Permanent, full-time","Client Server Ltd.","Recruitment consultancy","Information Technology"
"385","Web Developer JavaScript React - Remote Working ",2021-02-23,75000,85000,"per annum","London","Permanent, full-time","Client Server Ltd.","Recruitment consultancy","Information Technology"
"386","Machine Learning Engineer Python - FinTech ",2021-03-10,55000,65000,"per annum","London","Permanent, full-time","Client Server Ltd.","Recruitment consultancy","Information Technology"
"387","SQL Analyst ",2021-03-15,350,450,"per day","London","Contract, full-time","Harnham","Recruitment consultancy","Information Technology"
"388","DevOps Engineer / SRE - GCP  Terraform  Kubernetes ",2021-02-14,70000,80000,"per annum","London","Permanent, full-time","Method Resourcing","Direct employer","Information Technology"
"389","Senior Python Engineer ",2021-03-01,65000,85000,"per annum","Camden","Permanent, full-time","RedCat Digital","Recruitment consultancy","Information Technology"
"390","Front End Developer JavaScript Electron React ",2021-03-10,75000,85000,"per annum","London","Permanent, full-time","Client Server Ltd.","Recruitment consultancy","Information Technology"
"391","Data Engineer ",2021-03-19,65000,90000,"per annum","London","Permanent, full-time","Data Idols","Recruitment consultancy","Information Technology"
"392","Natural Language Processing (NLP) Expert - Remote ",2021-02-18,60000,70000,"per annum","London","Permanent, full-time","Profile 29","Recruitment consultancy","Information Technology"
"393","Senior Product Manager ",2021-03-04,75000,85000,"per annum","London","Permanent, full-time","La Fosse Associates","Recruitment consultancy","Information Technology"
"394","Senior Computational Biologist ",2021-03-17,NA,NA,NA,"London","Permanent, full-time","SRGEurope","Recruitment consultancy","Information Technology"
"395","Natural Language Processing (NLP) Expert - Remote ",2021-03-09,60000,70000,"per annum","London","Permanent, full-time","Profile 29","Recruitment consultancy","Information Technology"
"396","Technical Pre Sales Director - FinCrime - AI ",2021-02-23,125000,175000,"per annum","London","Permanent, full-time","Jefferson Frank ","Recruitment consultancy","Sales"
"397","Mid Level - Senior Python Engineer ",2021-03-11,65000,85000,"per annum","London","Permanent, full-time","NEULINX LIMITED","Recruitment consultancy","Information Technology"
"398","Insight Analyst ",2021-03-23,35000,40000,"per annum","London","Permanent, full-time","Harnham","Recruitment consultancy","Marketing And Media"
"399","Senior Product Manager ",2021-02-24,70000,85000,"per annum","London","Permanent, full-time","Intelligent People Ltd","Recruitment consultancy","Information Technology"
"400","Data Engineer ",2021-02-18,60000,90000,"per annum","Camden","Contract, full-time","Aquent UK","Recruitment consultancy","Information Technology"
"401","Mid Level Software Engineer ",2021-02-11,45000,55000,"per annum","London","Permanent, full-time","NEULINX LIMITED","Recruitment consultancy","Information Technology"
"402","AWS Data Engineer ",2021-03-11,65000,85000,"per annum","London","Permanent, full-time","Hurren & Hope ","Recruitment consultancy","Information Technology"
"403","Senior Insight Analyst / Data Strategist ",2021-02-22,60000,65000,"per annum","Southwark","Permanent, full-time","Blue Pelican","Recruitment consultancy","Marketing And Media"
"404","Data Strategist / Insight Consultant ",2021-03-05,35000,45000,"per annum","London","Permanent, full-time","Blue Pelican","Recruitment consultancy","Marketing And Media"
"405","Full Stack Engineer (React, TypeScript, Next, AWS) - (Enterprise simulation AI platform)-£75k/REMOTE ",2021-03-08,75000,80000,"per annum","London","Permanent, full-time","	 Honor Search Ltd","Recruitment consultancy","Information Technology"
"406","Senior Insight Consultant / Senior Data Strategist ",2021-02-22,60000,70000,"per annum","Southwark","Permanent, full-time","Blue Pelican","Recruitment consultancy","Marketing And Media"
"407","AI FOOTY FANATIC & RESEARCHER ",2021-03-11,10,NA,NA,"London","Permanent, full-time","GradBay","Recruitment consultancy","Marketing And Media"
"408","Cloud Engineer / Developer - Azure - .Net - £90K  Package ",2021-03-09,80000,90000,"per annum","London","Permanent, full-time","INTEC SELECT LIMITED","Recruitment consultancy","Information Technology"
"409","DevOps Engineer ",2021-03-01,80000,90000,"per annum","London","Permanent, full-time","INTEC SELECT LIMITED","Recruitment consultancy","Information Technology"
"410","Data Engineer ",2021-02-11,60000,65000,"per annum","Uxbridge","Permanent, full-time","Definitive Recruitment Ltd","Recruitment consultancy","Information Technology"
"411","Proposal / Bid Manager ",2021-03-11,30000,40000,"per annum","London","Permanent, full-time","Illuminate Recruitment Ltd","Recruitment consultancy","Information Technology"
"412","Azure Cloud Engineer - £80K Circa - London / Flexible Working ",2021-02-09,80000,NA,NA,"London","Permanent, full-time","INTEC SELECT LIMITED","Recruitment consultancy","Information Technology"
"413","Cloud Engineer ",2021-03-03,50000,65000,"per annum","London","Permanent, full-time","Goodman Masson","Recruitment consultancy","Information Technology"
"414","Data Engineer ",2021-02-22,60000,65000,"per annum","Uxbridge","Permanent, full-time","Definitive Recruitment Ltd","Recruitment consultancy","Information Technology"
"415","Python Developer ",2021-03-04,780,800,"per day","London","Contract, full-time","Pontoon","Recruitment consultancy","Information Technology"
"416","Insight Consultant / Insight Analyst ",2021-02-22,35000,50000,"per annum","Southwark","Permanent, full-time","Blue Pelican","Recruitment consultancy","Marketing And Media"
"417","Strategic Insights Consultancy Director / Applied Sciences Director ",2021-03-08,80000,95000,"per annum","London","Permanent, full-time","Blue Pelican","Recruitment consultancy","Marketing And Media"
"418","Marketing Operations Executive ",2021-03-23,22000,25000,"per annum","London","Permanent, full-time","Give A Grad A Go Ltd","Recruitment consultancy","Marketing And Media"
"419","Decision Science Manager ",2021-03-16,NA,NA,NA,"London","Permanent, full-time","eFinancial Careers","Direct employer","Information Technology"
"420","Content Strategist and Writer ",2021-02-17,55000,NA,NA,"London","Permanent, full-time","Ledger Bennett","Direct employer","Marketing And Media"
"421","Data Governance Lead ",2021-03-16,NA,NA,NA,"Reigate","Permanent, full-time","esure","Direct employer","Information Technology"
"422","Data Governance Lead ",2021-02-10,NA,NA,NA,"Reigate","Permanent, full-time","esure","Direct employer","Information Technology"
"423","Data Engineer ",2021-03-10,NA,NA,NA,"London","Permanent, full-time","Adecco ","Recruitment consultancy","Information Technology"
"424","Senior Product Owner - Analytics ",2021-03-01,NA,NA,NA,"Luton",NA,"TUI","Direct employer","Information Technology"
"425","Enterprise Data Architect ",2021-02-11,NA,NA,NA,"Epsom","Permanent, full-time","Kinect Recruitment","Recruitment consultancy","Information Technology"
"426","Senior Consultant - Data Science and Analytics Aviation ",2021-03-16,NA,NA,NA,"Luton",NA,"TUI","Direct employer","Information Technology"
"427","Senior Product Owner - Data Science ",2021-03-17,NA,NA,NA,"Luton",NA,"TUI","Direct employer","Information Technology"
"428","Microarray Assay Scientist ",2021-03-03,40000,65000,"per annum","London","Permanent, full-time","Hays Specialist Recruitment Limited","Recruitment consultancy","Engineering"
"429","Senior Scientist, NGS Clonal Amplification ",2021-03-15,40000,60000,"per annum","London","Permanent, full-time","Hays Specialist Recruitment Limited","Recruitment consultancy","Information Technology"
"430","Senior Scientist - NGS ",2021-03-22,35000,45000,"per annum","London","Permanent, full-time","Hays Specialist Recruitment Limited","Recruitment consultancy","Information Technology"
"431","Quant/Python Developer Data Science Team - Systematic Trading ",2021-03-16,NA,NA,NA,"London","Permanent, full-time","eFinancial Careers","Direct employer","Information Technology"
"432","Data Science ",2021-03-16,NA,NA,NA,"London","Permanent, full-time","eFinancial Careers","Direct employer","Information Technology"
"433","Senior Quantitative Analyst / Data Science- Commodity /Power ",2021-03-16,NA,NA,NA,"London","Permanent, full-time","eFinancial Careers","Direct employer","Financial Services"
"434","Senior Quantitative Analyst - Stack Modeling ",2021-03-16,NA,NA,NA,"London","Permanent, full-time","eFinancial Careers","Direct employer","Financial Services"
"435","Macro Quant Researcher ",2021-03-16,NA,NA,NA,"London","Permanent, full-time","eFinancial Careers","Direct employer","Financial Services"
"436","Director or VP, Fundamental Equities Research Analyst, European Technology sector ",2021-03-16,NA,NA,NA,"London","Permanent, full-time","eFinancial Careers","Direct employer","Financial Services"
"437","VP Quantitative Behavioural Researcher - CIB Digital Experience Design - London ",2021-03-16,NA,NA,NA,"London","Permanent, full-time","eFinancial Careers","Direct employer","Marketing And Media"
"438","Quant Analyst ",2021-03-16,NA,NA,NA,"London","Permanent, full-time","eFinancial Careers","Direct employer","Information Technology"
"439","Asset Management Research Technology - Data Science Analytics Team Lead - Executive Director ",2021-03-16,NA,NA,NA,"London","Permanent, full-time","eFinancial Careers","Direct employer","Information Technology"
"440","Buy-side KDB developer ",2021-03-16,NA,NA,NA,"London","Permanent, full-time","eFinancial Careers","Direct employer","Information Technology"
"441","Principal Data Engineer ",2021-03-16,NA,NA,NA,"London","Permanent, full-time","eFinancial Careers","Direct employer","Information Technology"
"442","Quant KDB developer ",2021-03-16,NA,NA,NA,"London","Permanent, full-time","eFinancial Careers","Direct employer","Information Technology"
"443","Digital Delivery Lead ",2021-03-16,NA,NA,NA,"London","Permanent, full-time","eFinancial Careers","Direct employer","Information Technology"
"444","Data Analyst Data Science Investment Team- Asset Manager - London ",2021-03-16,NA,NA,NA,"London","Permanent, full-time","eFinancial Careers","Direct employer","Information Technology"
"445","Quality Assurance Lead- Sports Betting Fintech ",2021-03-16,NA,NA,NA,"London","Permanent, full-time","eFinancial Careers","Direct employer","Information Technology"
"446","Product Manager - Alternative Data ",2021-03-16,NA,NA,NA,"London","Permanent, full-time","eFinancial Careers","Direct employer","Information Technology"
"447","Data Engineer Associate, AI Labs, Edinburgh ",2021-03-16,NA,NA,NA,"London","Permanent, full-time","eFinancial Careers","Direct employer","Information Technology"
"448","Head of Modelling ",2021-03-16,NA,NA,NA,"London","Permanent, full-time","eFinancial Careers","Direct employer","Information Technology"
"449","Head of Market Regulation ",2021-03-16,NA,NA,NA,"London","Permanent, full-time","eFinancial Careers","Direct employer","Financial Services"
"450","Software engineer - Data science - Senior Associate ",2021-03-22,NA,NA,NA,"London","Permanent, full-time","The Guardian","Direct employer","Information Technology"
"451","Data Engineer ",2021-03-18,NA,NA,NA,"London","Permanent, full-time","eFinancial Careers","Direct employer","Information Technology"
"452","Senior Product Manager - Enterprise Quant Platform ",2021-03-16,NA,NA,NA,"London","Permanent, full-time","eFinancial Careers","Direct employer","Information Technology"
"453","Senior Product Manager - Data ",2021-03-16,NA,NA,NA,"London","Permanent, full-time","eFinancial Careers","Direct employer","Information Technology"
"454","Head of Operations ",2021-03-21,NA,NA,NA,"London","Permanent, full-time or part-time","The Guardian","Direct employer","Health And Social"
"455","Challenge Director - UK Technologies and Markets ",2021-03-21,NA,NA,NA,"London","Permanent, full-time or part-time","The Guardian","Direct employer","Information Technology"
"456","Product Designer - Marquee Content ",2021-03-16,NA,NA,NA,"London","Permanent, full-time","eFinancial Careers","Direct employer","Marketing And Media"
"457","Product Designer - Marquee Trading Platform ",2021-03-16,NA,NA,NA,"London","Permanent, full-time","eFinancial Careers","Direct employer","Marketing And Media"
"458","Digital and Programmatic Senior Associate ",2021-03-22,NA,NA,NA,"London","Permanent, full-time","The Guardian","Direct employer","Marketing And Media"
"459","Power Consultant ",2021-03-16,NA,NA,NA,"London","Permanent, full-time","eFinancial Careers","Direct employer","Legal"
"460","Senior Scientist ",2021-03-19,36329,45998,NA,"London","Contract, full-time","NHS Business Services Authority","Direct employer","Information Technology"
"461","EQUITIES TRADING BEHAVIOURAL SCIENTIST ",2021-03-16,NA,NA,NA,"London","Permanent, full-time","eFinancial Careers","Direct employer","Marketing And Media"
"462","Quantitative Research Scientist ",2021-03-17,NA,NA,NA,"London","Permanent, full-time","eFinancial Careers","Direct employer","Information Technology"
